[
{
		"name": "Nabi Dzulkifli AS",
		"thn_kelahiran": "1500",
		"usia": 75,
		"description": "Al Qur'an tidak mengisahkan riwayat Nabi Dzulkifli dan kepada siapa ia diutus.\n\n Ahli Tarikh hanya menyebutkan bahwa beliau putra Ayyub.\n\n Allah SWT. menamakan Dzulkifli karena ia selalu melaksanakan beberapa perbuatan baik yang dibebankan kepadanya.\n\n Didalam surat Al Anbiyaa' ayat 85-86 dijelaskan \"Ismail, Idris dan Dzulkifli, termasuk orang-orang yang sabar.\n\n Kami masukkan mereka dalam rahmat kami.\n\n Sesungguhnya mereka adalah termasuk orang-orang yang saleh\".\n\n Termasuk salah seorang nabi yang saleh, di mana ia melakukan 100 kali salat dalam satu hari.\n\n Konon ceritanya dia mendapat tugas mengadili kaumnya secara adil dan mengurusi mereka dengan baik, tugas itu pun dilakukan.\n\n Karena itu ia dinamakan Dzulkifli (yang dibebani tugas).",
		"tmp": "Damaskus",
		"image_url":"http://1.bp.blogspot.com/-Y4pUQQOC6FU/Vn3Xr-cgxcI/AAAAAAAABuo/Lpz8KUaXUZU/s320/dzulkifli.png",
		"icon_url":""
}
]